Id,Class
14397,6
14398,6
14399,0
14400,10
14401,5
14402,6
14403,5
14404,9
14405,5
14406,2
14407,8
14408,9
14409,5
14410,6
14411,8
14412,3
14413,5
14414,0
14415,8
14416,2
14417,10
14418,0
14419,0
14420,8
14421,6
14422,4
14423,2
14424,10
14425,8
14426,6
14427,2
14428,0
14429,8
14430,0
14431,8
14432,9
14433,8
14434,9
14435,4
14436,10
14437,9
14438,5
14439,10
14440,9
14441,10
14442,9
14443,2
14444,5
14445,8
14446,10
14447,10
14448,5
14449,8
14450,5
14451,8
14452,6
14453,8
14454,0
14455,8
14456,5
14457,8
14458,1
14459,9
14460,6
14461,8
14462,8
14463,8
14464,2
14465,3
14466,6
14467,8
14468,6
14469,10
14470,2
14471,7
14472,8
14473,5
14474,5
14475,9
14476,9
14477,0
14478,6
14479,6
14480,7
14481,9
14482,3
14483,2
14484,8
14485,4
14486,5
14487,5
14488,5
14489,3
14490,0
14491,10
14492,4
14493,8
14494,4
14495,4
14496,8
14497,10
14498,1
14499,10
14500,8
14501,6
14502,5
14503,3
14504,9
14505,2
14506,8
14507,6
14508,10
14509,10
14510,2
14511,10
14512,6
14513,2
14514,4
14515,8
14516,5
14517,10
14518,0
14519,5
14520,0
14521,8
14522,5
14523,1
14524,5
14525,4
14526,2
14527,0
14528,10
14529,7
14530,4
14531,2
14532,10
14533,8
14534,7
14535,9
14536,10
14537,4
14538,8
14539,2
14540,10
14541,2
14542,5
14543,0
14544,2
14545,8
14546,4
14547,9
14548,5
14549,5
14550,6
14551,7
14552,0
14553,4
14554,9
14555,5
14556,6
14557,8
14558,9
14559,2
14560,5
14561,9
14562,8
14563,4
14564,5
14565,4
14566,9
14567,4
14568,2
14569,8
14570,10
14571,9
14572,9
14573,9
14574,8
14575,5
14576,2
14577,4
14578,4
14579,6
14580,4
14581,4
14582,2
14583,8
14584,4
14585,8
14586,0
14587,7
14588,8
14589,8
14590,8
14591,4
14592,8
14593,0
14594,8
14595,0
14596,4
14597,9
14598,2
14599,8
14600,1
14601,0
14602,8
14603,8
14604,8
14605,4
14606,8
14607,6
14608,5
14609,10
14610,6
14611,10
14612,8
14613,4
14614,2
14615,7
14616,0
14617,2
14618,8
14619,6
14620,9
14621,4
14622,10
14623,8
14624,8
14625,8
14626,0
14627,5
14628,8
14629,5
14630,3
14631,2
14632,7
14633,9
14634,4
14635,4
14636,4
14637,4
14638,4
14639,6
14640,9
14641,1
14642,9
14643,0
14644,7
14645,2
14646,2
14647,4
14648,0
14649,10
14650,8
14651,10
14652,6
14653,10
14654,4
14655,4
14656,4
14657,5
14658,8
14659,0
14660,5
14661,8
14662,6
14663,10
14664,1
14665,7
14666,5
14667,9
14668,7
14669,5
14670,3
14671,7
14672,6
14673,2
14674,10
14675,4
14676,1
14677,9
14678,8
14679,8
14680,4
14681,2
14682,8
14683,3
14684,9
14685,9
14686,7
14687,2
14688,0
14689,5
14690,3
14691,0
14692,6
14693,5
14694,3
14695,4
14696,3
14697,6
14698,2
14699,2
14700,4
14701,8
14702,9
14703,7
14704,10
14705,6
14706,5
14707,5
14708,0
14709,4
14710,10
14711,2
14712,8
14713,9
14714,8
14715,6
14716,8
14717,6
14718,10
14719,2
14720,0
14721,5
14722,3
14723,5
14724,10
14725,1
14726,0
14727,9
14728,8
14729,0
14730,5
14731,8
14732,9
14733,9
14734,0
14735,6
14736,8
14737,3
14738,6
14739,6
14740,0
14741,3
14742,7
14743,8
14744,9
14745,4
14746,9
14747,8
14748,8
14749,8
14750,0
14751,10
14752,8
14753,8
14754,8
14755,5
14756,8
14757,4
14758,4
14759,10
14760,7
14761,10
14762,0
14763,9
14764,9
14765,0
14766,1
14767,2
14768,0
14769,6
14770,10
14771,2
14772,0
14773,5
14774,4
14775,2
14776,5
14777,6
14778,2
14779,0
14780,6
14781,0
14782,9
14783,10
14784,8
14785,1
14786,8
14787,8
14788,10
14789,9
14790,0
14791,10
14792,0
14793,6
14794,8
14795,8
14796,8
14797,9
14798,5
14799,6
14800,10
14801,9
14802,9
14803,7
14804,10
14805,0
14806,5
14807,8
14808,6
14809,9
14810,0
14811,1
14812,2
14813,0
14814,5
14815,0
14816,8
14817,5
14818,7
14819,0
14820,6
14821,10
14822,8
14823,4
14824,8
14825,4
14826,8
14827,10
14828,8
14829,10
14830,8
14831,0
14832,2
14833,8
14834,10
14835,8
14836,8
14837,5
14838,1
14839,6
14840,4
14841,4
14842,8
14843,9
14844,4
14845,2
14846,10
14847,6
14848,10
14849,9
14850,0
14851,6
14852,6
14853,9
14854,4
14855,8
14856,5
14857,9
14858,10
14859,2
14860,2
14861,10
14862,8
14863,6
14864,8
14865,5
14866,8
14867,10
14868,4
14869,8
14870,8
14871,8
14872,4
14873,9
14874,10
14875,5
14876,10
14877,8
14878,5
14879,8
14880,2
14881,10
14882,5
14883,8
14884,5
14885,5
14886,0
14887,6
14888,0
14889,1
14890,6
14891,8
14892,5
14893,8
14894,2
14895,8
14896,10
14897,6
14898,4
14899,4
14900,8
14901,9
14902,4
14903,4
14904,2
14905,4
14906,10
14907,6
14908,0
14909,10
14910,0
14911,5
14912,5
14913,4
14914,7
14915,5
14916,6
14917,0
14918,1
14919,8
14920,5
14921,10
14922,7
14923,8
14924,4
14925,3
14926,1
14927,4
14928,5
14929,6
14930,6
14931,8
14932,8
14933,8
14934,0
14935,4
14936,4
14937,7
14938,6
14939,0
14940,8
14941,8
14942,8
14943,5
14944,9
14945,4
14946,6
14947,3
14948,4
14949,4
14950,9
14951,6
14952,2
14953,9
14954,8
14955,4
14956,8
14957,7
14958,6
14959,8
14960,8
14961,4
14962,10
14963,3
14964,2
14965,10
14966,8
14967,9
14968,0
14969,2
14970,8
14971,9
14972,8
14973,0
14974,6
14975,4
14976,2
14977,9
14978,0
14979,4
14980,8
14981,4
14982,6
14983,6
14984,10
14985,2
14986,10
14987,2
14988,2
14989,9
14990,10
14991,6
14992,6
14993,2
14994,10
14995,8
14996,4
14997,10
14998,4
14999,2
15000,4
15001,8
15002,3
15003,9
15004,2
15005,5
15006,5
15007,6
15008,2
15009,4
15010,7
15011,10
15012,4
15013,7
15014,8
15015,4
15016,10
15017,8
15018,6
15019,8
15020,2
15021,0
15022,5
15023,2
15024,6
15025,8
15026,0
15027,8
15028,9
15029,2
15030,2
15031,8
15032,1
15033,7
15034,2
15035,3
15036,6
15037,7
15038,2
15039,2
15040,9
15041,0
15042,8
15043,4
15044,8
15045,5
15046,9
15047,5
15048,3
15049,9
15050,0
15051,5
15052,10
15053,8
15054,10
15055,10
15056,1
15057,4
15058,4
15059,6
15060,10
15061,7
15062,8
15063,10
15064,9
15065,4
15066,2
15067,7
15068,2
15069,7
15070,9
15071,0
15072,5
15073,8
15074,0
15075,9
15076,6
15077,2
15078,0
15079,2
15080,9
15081,4
15082,10
15083,0
15084,10
15085,2
15086,8
15087,6
15088,4
15089,3
15090,7
15091,2
15092,2
15093,0
15094,9
15095,8
15096,2
15097,4
15098,4
15099,6
15100,10
15101,9
15102,7
15103,6
15104,9
15105,8
15106,6
15107,8
15108,4
15109,8
15110,7
15111,2
15112,4
15113,8
15114,8
15115,9
15116,5
15117,2
15118,0
15119,8
15120,0
15121,2
15122,8
15123,0
15124,9
15125,5
15126,9
15127,5
15128,2
15129,8
15130,8
15131,8
15132,9
15133,7
15134,2
15135,0
15136,9
15137,10
15138,9
15139,6
15140,0
15141,2
15142,8
15143,5
15144,2
15145,1
15146,8
15147,8
15148,6
15149,6
15150,4
15151,8
15152,1
15153,10
15154,2
15155,2
15156,8
15157,4
15158,8
15159,8
15160,0
15161,0
15162,9
15163,6
15164,3
15165,10
15166,9
15167,2
15168,5
15169,10
15170,4
15171,5
15172,5
15173,0
15174,6
15175,4
15176,6
15177,7
15178,6
15179,4
15180,4
15181,8
15182,5
15183,0
15184,10
15185,9
15186,0
15187,8
15188,0
15189,8
15190,6
15191,8
15192,7
15193,8
15194,6
15195,0
15196,10
15197,1
15198,10
15199,5
15200,5
15201,5
15202,8
15203,10
15204,2
15205,5
15206,2
15207,2
15208,9
15209,2
15210,4
15211,2
15212,9
15213,7
15214,8
15215,10
15216,9
15217,5
15218,7
15219,10
15220,2
15221,9
15222,4
15223,2
15224,2
15225,6
15226,4
15227,8
15228,1
15229,9
15230,6
15231,8
15232,10
15233,10
15234,8
15235,0
15236,5
15237,2
15238,0
15239,8
15240,10
15241,0
15242,5
15243,4
15244,10
15245,0
15246,6
15247,9
15248,5
15249,7
15250,0
15251,10
15252,8
15253,5
15254,3
15255,6
15256,0
15257,2
15258,4
15259,9
15260,4
15261,8
15262,1
15263,6
15264,6
15265,0
15266,4
15267,8
15268,8
15269,0
15270,8
15271,5
15272,4
15273,10
15274,4
15275,9
15276,3
15277,4
15278,2
15279,8
15280,7
15281,10
15282,0
15283,8
15284,7
15285,4
15286,2
15287,9
15288,4
15289,6
15290,0
15291,10
15292,3
15293,1
15294,8
15295,7
15296,2
15297,9
15298,0
15299,7
15300,9
15301,10
15302,6
15303,2
15304,2
15305,8
15306,6
15307,10
15308,10
15309,10
15310,2
15311,0
15312,10
15313,4
15314,7
15315,2
15316,0
15317,4
15318,6
15319,6
15320,9
15321,9
15322,7
15323,0
15324,9
15325,8
15326,5
15327,8
15328,9
15329,9
15330,6
15331,6
15332,9
15333,1
15334,10
15335,9
15336,8
15337,0
15338,4
15339,4
15340,10
15341,9
15342,0
15343,10
15344,0
15345,5
15346,3
15347,5
15348,10
15349,5
15350,9
15351,9
15352,6
15353,5
15354,1
15355,2
15356,5
15357,5
15358,8
15359,5
15360,9
15361,10
15362,8
15363,10
15364,6
15365,9
15366,1
15367,6
15368,9
15369,8
15370,9
15371,10
15372,8
15373,6
15374,8
15375,10
15376,8
15377,0
15378,7
15379,8
15380,2
15381,0
15382,7
15383,0
15384,8
15385,5
15386,10
15387,2
15388,4
15389,1
15390,0
15391,8
15392,2
15393,5
15394,4
15395,5
15396,10
15397,2
15398,10
15399,9
15400,0
15401,9
15402,1
15403,9
15404,4
15405,4
15406,1
15407,3
15408,8
15409,2
15410,6
15411,9
15412,9
15413,9
15414,0
15415,8
15416,2
15417,8
15418,8
15419,10
15420,2
15421,10
15422,5
15423,9
15424,8
15425,10
15426,8
15427,7
15428,5
15429,10
15430,10
15431,4
15432,3
15433,9
15434,2
15435,5
15436,4
15437,6
15438,2
15439,2
15440,0
15441,8
15442,5
15443,8
15444,0
15445,2
15446,1
15447,0
15448,2
15449,4
15450,0
15451,4
15452,5
15453,9
15454,4
15455,9
15456,3
15457,10
15458,10
15459,4
15460,10
15461,6
15462,8
15463,8
15464,8
15465,9
15466,8
15467,3
15468,10
15469,0
15470,0
15471,6
15472,0
15473,0
15474,6
15475,1
15476,6
15477,5
15478,8
15479,0
15480,5
15481,9
15482,8
15483,8
15484,8
15485,4
15486,8
15487,1
15488,0
15489,5
15490,4
15491,9
15492,1
15493,2
15494,6
15495,8
15496,9
15497,6
15498,1
15499,7
15500,8
15501,10
15502,8
15503,7
15504,2
15505,2
15506,0
15507,2
15508,9
15509,4
15510,6
15511,5
15512,8
15513,8
15514,9
15515,5
15516,6
15517,9
15518,10
15519,2
15520,4
15521,10
15522,3
15523,0
15524,0
15525,10
15526,4
15527,0
15528,0
15529,1
15530,4
15531,5
15532,0
15533,6
15534,0
15535,10
15536,6
15537,8
15538,3
15539,4
15540,2
15541,8
15542,4
15543,4
15544,2
15545,10
15546,0
15547,6
15548,1
15549,5
15550,1
15551,6
15552,8
15553,2
15554,8
15555,4
15556,2
15557,3
15558,8
15559,8
15560,9
15561,10
15562,6
15563,6
15564,9
15565,7
15566,1
15567,4
15568,9
15569,0
15570,9
15571,2
15572,8
15573,5
15574,10
15575,8
15576,6
15577,10
15578,2
15579,8
15580,7
15581,7
15582,1
15583,9
15584,8
15585,0
15586,2
15587,2
15588,3
15589,5
15590,9
15591,4
15592,3
15593,0
15594,10
15595,9
15596,8
15597,10
15598,2
15599,2
15600,9
15601,7
15602,8
15603,8
15604,9
15605,5
15606,9
15607,4
15608,4
15609,4
15610,10
15611,2
15612,8
15613,2
15614,10
15615,8
15616,9
15617,6
15618,9
15619,8
15620,8
15621,10
15622,5
15623,8
15624,4
15625,5
15626,8
15627,9
15628,6
15629,0
15630,8
15631,0
15632,6
15633,2
15634,2
15635,5
15636,9
15637,5
15638,7
15639,10
15640,2
15641,2
15642,8
15643,0
15644,8
15645,8
15646,5
15647,9
15648,10
15649,6
15650,10
15651,6
15652,9
15653,8
15654,4
15655,0
15656,10
15657,10
15658,0
15659,8
15660,6
15661,6
15662,8
15663,6
15664,10
15665,9
15666,10
15667,9
15668,5
15669,9
15670,6
15671,0
15672,2
15673,0
15674,6
15675,9
15676,9
15677,5
15678,6
15679,6
15680,6
15681,8
15682,5
15683,8
15684,10
15685,6
15686,4
15687,1
15688,5
15689,2
15690,10
15691,4
15692,10
15693,2
15694,5
15695,8
15696,0
15697,0
15698,6
15699,9
15700,0
15701,8
15702,3
15703,8
15704,9
15705,3
15706,6
15707,6
15708,4
15709,6
15710,8
15711,5
15712,10
15713,9
15714,7
15715,10
15716,8
15717,9
15718,8
15719,9
15720,2
15721,9
15722,4
15723,2
15724,10
15725,8
15726,10
15727,4
15728,9
15729,2
15730,4
15731,6
15732,3
15733,9
15734,2
15735,3
15736,10
15737,5
15738,5
15739,8
15740,9
15741,6
15742,6
15743,4
15744,6
15745,0
15746,8
15747,0
15748,0
15749,10
15750,7
15751,10
15752,6
15753,1
15754,9
15755,7
15756,10
15757,10
15758,2
15759,8
15760,2
15761,5
15762,6
15763,0
15764,1
15765,9
15766,2
15767,2
15768,6
15769,8
15770,9
15771,6
15772,10
15773,6
15774,8
15775,8
15776,5
15777,4
15778,4
15779,0
15780,8
15781,0
15782,2
15783,5
15784,2
15785,7
15786,9
15787,9
15788,2
15789,0
15790,9
15791,6
15792,3
15793,9
15794,8
15795,6
15796,6
15797,4
15798,4
15799,3
15800,9
15801,9
15802,0
15803,4
15804,5
15805,8
15806,9
15807,10
15808,4
15809,4
15810,3
15811,9
15812,10
15813,0
15814,7
15815,9
15816,10
15817,4
15818,6
15819,3
15820,8
15821,4
15822,4
15823,4
15824,4
15825,2
15826,2
15827,8
15828,2
15829,9
15830,10
15831,1
15832,9
15833,8
15834,8
15835,2
15836,0
15837,10
15838,10
15839,0
15840,1
15841,10
15842,0
15843,10
15844,8
15845,8
15846,10
15847,9
15848,4
15849,2
15850,2
15851,10
15852,3
15853,6
15854,5
15855,9
15856,2
15857,4
15858,8
15859,4
15860,9
15861,4
15862,10
15863,6
15864,4
15865,5
15866,8
15867,4
15868,8
15869,9
15870,5
15871,9
15872,10
15873,0
15874,4
15875,4
15876,0
15877,9
15878,5
15879,4
15880,9
15881,6
15882,1
15883,9
15884,10
15885,4
15886,10
15887,7
15888,6
15889,6
15890,0
15891,6
15892,2
15893,5
15894,9
15895,6
15896,4
15897,9
15898,7
15899,6
15900,2
15901,2
15902,5
15903,6
15904,8
15905,10
15906,3
15907,9
15908,10
15909,3
15910,7
15911,8
15912,9
15913,6
15914,4
15915,0
15916,1
15917,2
15918,9
15919,8
15920,6
15921,4
15922,6
15923,8
15924,10
15925,10
15926,0
15927,0
15928,9
15929,9
15930,8
15931,10
15932,6
15933,10
15934,4
15935,10
15936,3
15937,2
15938,9
15939,4
15940,8
15941,0
15942,9
15943,5
15944,7
15945,9
15946,5
15947,0
15948,10
15949,9
15950,10
15951,2
15952,8
15953,9
15954,8
15955,10
15956,2
15957,10
15958,5
15959,8
15960,8
15961,3
15962,2
15963,6
15964,7
15965,9
15966,10
15967,7
15968,3
15969,9
15970,10
15971,1
15972,2
15973,0
15974,10
15975,1
15976,8
15977,4
15978,8
15979,6
15980,8
15981,9
15982,9
15983,5
15984,9
15985,9
15986,4
15987,3
15988,6
15989,4
15990,5
15991,8
15992,2
15993,2
15994,10
15995,5
15996,4
15997,8
15998,9
15999,3
16000,1
16001,1
16002,6
16003,2
16004,4
16005,4
16006,2
16007,5
16008,7
16009,10
16010,10
16011,5
16012,8
16013,8
16014,5
16015,9
16016,6
16017,5
16018,2
16019,5
16020,7
16021,6
16022,4
16023,8
16024,10
16025,8
16026,9
16027,8
16028,10
16029,7
16030,4
16031,6
16032,9
16033,0
16034,0
16035,5
16036,9
16037,8
16038,8
16039,4
16040,7
16041,2
16042,8
16043,6
16044,9
16045,2
16046,5
16047,1
16048,8
16049,5
16050,8
16051,8
16052,10
16053,9
16054,0
16055,7
16056,4
16057,0
16058,7
16059,6
16060,8
16061,8
16062,6
16063,6
16064,5
16065,1
16066,5
16067,6
16068,10
16069,0
16070,7
16071,7
16072,2
16073,5
16074,8
16075,3
16076,0
16077,5
16078,5
16079,6
16080,3
16081,0
16082,5
16083,8
16084,8
16085,7
16086,7
16087,3
16088,6
16089,0
16090,8
16091,8
16092,1
16093,9
16094,0
16095,8
16096,0
16097,5
16098,8
16099,5
16100,10
16101,8
16102,9
16103,10
16104,2
16105,2
16106,9
16107,8
16108,0
16109,9
16110,5
16111,5
16112,1
16113,8
16114,3
16115,5
16116,8
16117,2
16118,2
16119,0
16120,6
16121,10
16122,4
16123,9
16124,10
16125,9
16126,4
16127,9
16128,1
16129,0
16130,7
16131,8
16132,6
16133,10
16134,2
16135,5
16136,8
16137,6
16138,8
16139,6
16140,5
16141,2
16142,8
16143,10
16144,10
16145,8
16146,9
16147,8
16148,0
16149,5
16150,5
16151,0
16152,4
16153,9
16154,0
16155,10
16156,8
16157,8
16158,0
16159,6
16160,4
16161,2
16162,4
16163,8
16164,5
16165,4
16166,0
16167,5
16168,8
16169,0
16170,9
16171,10
16172,4
16173,8
16174,10
16175,4
16176,4
16177,9
16178,10
16179,6
16180,8
16181,0
16182,2
16183,5
16184,5
16185,10
16186,1
16187,6
16188,7
16189,5
16190,9
16191,2
16192,5
16193,0
16194,2
16195,4
16196,5
16197,2
16198,8
16199,6
16200,4
16201,8
16202,4
16203,3
16204,7
16205,7
16206,6
16207,10
16208,4
16209,5
16210,6
16211,4
16212,8
16213,8
16214,1
16215,6
16216,7
16217,8
16218,10
16219,6
16220,8
16221,8
16222,2
16223,1
16224,10
16225,10
16226,6
16227,0
16228,8
16229,8
16230,8
16231,8
16232,8
16233,4
16234,4
16235,6
16236,5
16237,9
16238,1
16239,4
16240,9
16241,10
16242,7
16243,9
16244,5
16245,3
16246,9
16247,6
16248,3
16249,9
16250,5
16251,0
16252,5
16253,5
16254,2
16255,9
16256,7
16257,9
16258,8
16259,0
16260,8
16261,2
16262,6
16263,5
16264,6
16265,5
16266,0
16267,1
16268,6
16269,7
16270,2
16271,4
16272,6
16273,3
16274,2
16275,8
16276,2
16277,2
16278,6
16279,4
16280,0
16281,10
16282,1
16283,8
16284,2
16285,9
16286,4
16287,1
16288,1
16289,5
16290,5
16291,5
16292,6
16293,9
16294,9
16295,2
16296,9
16297,5
16298,5
16299,0
16300,5
16301,9
16302,8
16303,7
16304,4
16305,4
16306,8
16307,9
16308,5
16309,9
16310,0
16311,9
16312,7
16313,2
16314,8
16315,8
16316,8
16317,10
16318,10
16319,3
16320,0
16321,2
16322,4
16323,10
16324,10
16325,10
16326,8
16327,7
16328,2
16329,6
16330,5
16331,1
16332,6
16333,4
16334,6
16335,8
16336,2
16337,6
16338,4
16339,8
16340,8
16341,2
16342,5
16343,5
16344,4
16345,10
16346,2
16347,8
16348,6
16349,10
16350,8
16351,2
16352,3
16353,10
16354,4
16355,0
16356,5
16357,2
16358,4
16359,8
16360,2
16361,4
16362,10
16363,5
16364,1
16365,2
16366,4
16367,10
16368,8
16369,8
16370,8
16371,0
16372,8
16373,0
16374,10
16375,8
16376,8
16377,2
16378,10
16379,5
16380,6
16381,10
16382,6
16383,0
16384,10
16385,10
16386,9
16387,7
16388,6
16389,6
16390,8
16391,5
16392,9
16393,4
16394,9
16395,3
16396,10
16397,9
16398,1
16399,6
16400,2
16401,0
16402,9
16403,4
16404,8
16405,2
16406,10
16407,9
16408,9
16409,5
16410,2
16411,0
16412,2
16413,2
16414,7
16415,10
16416,9
16417,8
16418,9
16419,1
16420,10
16421,0
16422,5
16423,8
16424,9
16425,9
16426,5
16427,2
16428,9
16429,5
16430,2
16431,8
16432,4
16433,10
16434,10
16435,6
16436,1
16437,2
16438,3
16439,9
16440,10
16441,3
16442,2
16443,0
16444,1
16445,5
16446,8
16447,2
16448,6
16449,10
16450,5
16451,5
16452,8
16453,0
16454,4
16455,6
16456,9
16457,4
16458,10
16459,0
16460,3
16461,2
16462,3
16463,6
16464,0
16465,6
16466,2
16467,10
16468,5
16469,2
16470,4
16471,6
16472,10
16473,0
16474,2
16475,0
16476,8
16477,6
16478,5
16479,0
16480,8
16481,8
16482,2
16483,4
16484,8
16485,3
16486,0
16487,8
16488,2
16489,1
16490,9
16491,2
16492,8
16493,4
16494,2
16495,10
16496,9
16497,8
16498,3
16499,6
16500,10
16501,8
16502,2
16503,2
16504,10
16505,6
16506,5
16507,2
16508,1
16509,8
16510,4
16511,0
16512,9
16513,0
16514,2
16515,8
16516,9
16517,5
16518,2
16519,10
16520,5
16521,6
16522,10
16523,10
16524,10
16525,6
16526,8
16527,2
16528,6
16529,5
16530,0
16531,3
16532,5
16533,10
16534,4
16535,1
16536,0
16537,9
16538,9
16539,10
16540,8
16541,6
16542,0
16543,9
16544,10
16545,10
16546,2
16547,8
16548,8
16549,9
16550,7
16551,10
16552,0
16553,4
16554,6
16555,9
16556,10
16557,6
16558,3
16559,8
16560,9
16561,8
16562,0
16563,8
16564,2
16565,10
16566,8
16567,10
16568,4
16569,10
16570,8
16571,7
16572,9
16573,3
16574,1
16575,0
16576,9
16577,9
16578,5
16579,9
16580,0
16581,1
16582,3
16583,2
16584,0
16585,8
16586,10
16587,3
16588,4
16589,8
16590,7
16591,10
16592,2
16593,4
16594,7
16595,9
16596,9
16597,2
16598,10
16599,8
16600,5
16601,2
16602,8
16603,9
16604,10
16605,0
16606,4
16607,10
16608,7
16609,9
16610,7
16611,0
16612,8
16613,4
16614,8
16615,2
16616,8
16617,2
16618,5
16619,5
16620,10
16621,2
16622,8
16623,5
16624,10
16625,9
16626,8
16627,10
16628,8
16629,3
16630,1
16631,4
16632,1
16633,6
16634,10
16635,10
16636,2
16637,8
16638,9
16639,9
16640,8
16641,2
16642,8
16643,9
16644,10
16645,6
16646,8
16647,8
16648,9
16649,8
16650,8
16651,7
16652,8
16653,2
16654,9
16655,10
16656,10
16657,3
16658,0
16659,9
16660,3
16661,4
16662,10
16663,8
16664,10
16665,5
16666,0
16667,2
16668,8
16669,7
16670,7
16671,6
16672,10
16673,8
16674,10
16675,9
16676,7
16677,9
16678,8
16679,8
16680,2
16681,8
16682,7
16683,2
16684,10
16685,2
16686,6
16687,9
16688,8
16689,9
16690,5
16691,6
16692,4
16693,5
16694,10
16695,2
16696,3
16697,3
16698,4
16699,2
16700,0
16701,0
16702,0
16703,8
16704,7
16705,8
16706,9
16707,0
16708,0
16709,8
16710,2
16711,1
16712,4
16713,2
16714,4
16715,4
16716,3
16717,5
16718,8
16719,2
16720,8
16721,0
16722,4
16723,5
16724,4
16725,4
16726,7
16727,10
16728,2
16729,6
16730,10
16731,3
16732,7
16733,4
16734,2
16735,4
16736,4
16737,4
16738,4
16739,10
16740,6
16741,10
16742,8
16743,9
16744,10
16745,9
16746,4
16747,2
16748,0
16749,1
16750,7
16751,1
16752,7
16753,9
16754,0
16755,5
16756,2
16757,10
16758,2
16759,6
16760,3
16761,0
16762,8
16763,3
16764,9
16765,1
16766,5
16767,0
16768,0
16769,5
16770,2
16771,8
16772,8
16773,6
16774,2
16775,2
16776,6
16777,4
16778,0
16779,9
16780,8
16781,9
16782,5
16783,9
16784,8
16785,1
16786,10
16787,1
16788,4
16789,0
16790,9
16791,10
16792,6
16793,9
16794,8
16795,5
16796,1
16797,10
16798,10
16799,5
16800,4
16801,8
16802,8
16803,0
16804,7
16805,5
16806,9
16807,2
16808,8
16809,2
16810,9
16811,5
16812,6
16813,2
16814,10
16815,1
16816,2
16817,9
16818,9
16819,9
16820,9
16821,8
16822,4
16823,7
16824,2
16825,0
16826,8
16827,1
16828,9
16829,8
16830,6
16831,10
16832,5
16833,5
16834,9
16835,8
16836,7
16837,2
16838,10
16839,0
16840,3
16841,8
16842,5
16843,8
16844,3
16845,2
16846,7
16847,4
16848,2
16849,8
16850,10
16851,8
16852,4
16853,4
16854,0
16855,5
16856,8
16857,0
16858,5
16859,5
16860,2
16861,9
16862,6
16863,9
16864,10
16865,8
16866,8
16867,10
16868,4
16869,2
16870,5
16871,2
16872,8
16873,2
16874,4
16875,8
16876,9
16877,4
16878,6
16879,8
16880,10
16881,9
16882,6
16883,3
16884,8
16885,1
16886,6
16887,10
16888,5
16889,2
16890,10
16891,8
16892,4
16893,4
16894,2
16895,8
16896,9
16897,9
16898,8
16899,8
16900,0
16901,5
16902,10
16903,6
16904,8
16905,6
16906,2
16907,8
16908,4
16909,1
16910,2
16911,5
16912,9
16913,8
16914,3
16915,9
16916,10
16917,7
16918,9
16919,5
16920,0
16921,3
16922,6
16923,6
16924,2
16925,0
16926,2
16927,5
16928,5
16929,8
16930,5
16931,9
16932,6
16933,10
16934,2
16935,10
16936,4
16937,10
16938,8
16939,2
16940,0
16941,4
16942,8
16943,0
16944,6
16945,4
16946,7
16947,0
16948,9
16949,9
16950,10
16951,9
16952,8
16953,2
16954,5
16955,7
16956,2
16957,0
16958,9
16959,8
16960,8
16961,4
16962,8
16963,6
16964,4
16965,1
16966,8
16967,8
16968,6
16969,0
16970,0
16971,5
16972,9
16973,2
16974,10
16975,6
16976,5
16977,9
16978,6
16979,4
16980,9
16981,5
16982,10
16983,1
16984,0
16985,7
16986,6
16987,7
16988,10
16989,8
16990,9
16991,1
16992,1
16993,2
16994,8
16995,8
16996,2
16997,7
16998,8
16999,6
17000,8
17001,6
17002,9
17003,10
17004,10
17005,2
17006,10
17007,5
17008,6
17009,8
17010,9
17011,10
17012,10
17013,8
17014,8
17015,2
17016,9
17017,9
17018,0
17019,9
17020,0
17021,1
17022,9
17023,9
17024,0
17025,0
17026,5
17027,7
17028,7
17029,8
17030,8
17031,6
17032,5
17033,2
17034,3
17035,8
17036,8
17037,8
17038,8
17039,5
17040,9
17041,7
17042,10
17043,8
17044,9
17045,5
17046,2
17047,0
17048,5
17049,8
17050,0
17051,0
17052,7
17053,4
17054,4
17055,8
17056,10
17057,8
17058,8
17059,10
17060,6
17061,8
17062,2
17063,5
17064,8
17065,6
17066,5
17067,9
17068,0
17069,4
17070,2
17071,10
17072,2
17073,8
17074,8
17075,5
17076,5
17077,0
17078,9
17079,6
17080,4
17081,6
17082,4
17083,0
17084,3
17085,10
17086,9
17087,8
17088,8
17089,4
17090,0
17091,2
17092,9
17093,8
17094,1
17095,8
17096,0
17097,9
17098,8
17099,9
17100,10
17101,8
17102,5
17103,8
17104,2
17105,3
17106,10
17107,0
17108,8
17109,9
17110,0
17111,10
17112,8
17113,4
17114,8
17115,2
17116,0
17117,8
17118,4
17119,2
17120,10
17121,3
17122,4
17123,0
17124,1
17125,3
17126,0
17127,4
17128,4
17129,9
17130,2
17131,4
17132,7
17133,5
17134,9
17135,5
17136,5
17137,5
17138,7
17139,5
17140,9
17141,2
17142,10
17143,4
17144,2
17145,4
17146,1
17147,10
17148,10
17149,5
17150,10
17151,6
17152,8
17153,0
17154,4
17155,7
17156,8
17157,10
17158,9
17159,4
17160,7
17161,6
17162,3
17163,6
17164,7
17165,10
17166,0
17167,9
17168,3
17169,8
17170,6
17171,0
17172,10
17173,8
17174,2
17175,10
17176,9
17177,8
17178,1
17179,5
17180,0
17181,1
17182,8
17183,4
17184,2
17185,9
17186,8
17187,5
17188,0
17189,10
17190,10
17191,10
17192,2
17193,5
17194,5
17195,6
17196,8
17197,0
17198,0
17199,4
17200,1
17201,6
17202,2
17203,9
17204,10
17205,8
17206,8
17207,10
17208,4
17209,8
17210,10
17211,4
17212,6
17213,9
17214,5
17215,0
17216,9
17217,10
17218,3
17219,4
17220,0
17221,0
17222,10
17223,8
17224,1
17225,8
17226,2
17227,8
17228,4
17229,5
17230,2
17231,4
17232,1
17233,4
17234,6
17235,2
17236,0
17237,4
17238,0
17239,4
17240,3
17241,2
17242,9
17243,5
17244,4
17245,8
17246,4
17247,0
17248,9
17249,1
17250,7
17251,4
17252,2
17253,1
17254,6
17255,8
17256,2
17257,10
17258,3
17259,0
17260,8
17261,8
17262,8
17263,8
17264,10
17265,10
17266,10
17267,8
17268,8
17269,2
17270,8
17271,9
17272,6
17273,0
17274,2
17275,9
17276,4
17277,0
17278,0
17279,2
17280,6
17281,10
17282,0
17283,7
17284,3
17285,5
17286,0
17287,0
17288,10
17289,8
17290,10
17291,4
17292,8
17293,5
17294,6
17295,8
17296,2
17297,8
17298,9
17299,5
17300,8
17301,0
17302,8
17303,0
17304,4
17305,4
17306,6
17307,3
17308,2
17309,0
17310,8
17311,6
17312,2
17313,10
17314,2
17315,5
17316,6
17317,6
17318,7
17319,9
17320,10
17321,2
17322,2
17323,0
17324,6
17325,3
17326,3
17327,10
17328,2
17329,9
17330,4
17331,8
17332,5
17333,10
17334,6
17335,3
17336,8
17337,9
17338,8
17339,2
17340,8
17341,2
17342,9
17343,8
17344,0
17345,10
17346,6
17347,2
17348,4
17349,2
17350,9
17351,1
17352,1
17353,9
17354,10
17355,5
17356,6
17357,1
17358,8
17359,5
17360,9
17361,9
17362,8
17363,0
17364,5
17365,10
17366,8
17367,8
17368,2
17369,2
17370,4
17371,9
17372,8
17373,10
17374,3
17375,0
17376,6
17377,4
17378,6
17379,4
17380,5
17381,5
17382,6
17383,9
17384,5
17385,1
17386,4
17387,4
17388,2
17389,4
17390,2
17391,8
17392,0
17393,2
17394,8
17395,10
17396,8
17397,1
17398,5
17399,2
17400,10
17401,8
17402,7
17403,2
17404,2
17405,8
17406,2
17407,3
17408,1
17409,4
17410,10
17411,5
17412,0
17413,2
17414,8
17415,3
17416,0
17417,8
17418,0
17419,9
17420,4
17421,4
17422,6
17423,8
17424,8
17425,7
17426,4
17427,0
17428,10
17429,6
17430,6
17431,2
17432,8
17433,8
17434,6
17435,6
17436,2
17437,9
17438,2
17439,0
17440,0
17441,9
17442,5
17443,10
17444,4
17445,10
17446,8
17447,2
17448,10
17449,8
17450,1
17451,0
17452,8
17453,5
17454,7
17455,2
17456,4
17457,7
17458,7
17459,5
17460,8
17461,6
17462,5
17463,6
17464,6
17465,8
17466,10
17467,8
17468,5
17469,10
17470,6
17471,4
17472,1
17473,5
17474,2
17475,5
17476,0
17477,2
17478,5
17479,5
17480,2
17481,6
17482,1
17483,8
17484,7
17485,0
17486,6
17487,10
17488,0
17489,2
17490,9
17491,3
17492,8
17493,10
17494,8
17495,9
17496,6
17497,0
17498,2
17499,1
17500,9
17501,1
17502,5
17503,5
17504,10
17505,9
17506,5
17507,8
17508,4
17509,5
17510,5
17511,0
17512,7
17513,8
17514,0
17515,8
17516,6
17517,8
17518,2
17519,8
17520,4
17521,9
17522,0
17523,5
17524,4
17525,2
17526,9
17527,10
17528,2
17529,10
17530,5
17531,0
17532,8
17533,9
17534,0
17535,9
17536,2
17537,6
17538,8
17539,4
17540,3
17541,10
17542,0
17543,3
17544,10
17545,0
17546,8
17547,8
17548,4
17549,9
17550,9
17551,8
17552,4
17553,4
17554,2
17555,6
17556,6
17557,5
17558,10
17559,10
17560,2
17561,8
17562,5
17563,9
17564,4
17565,10
17566,8
17567,8
17568,0
17569,0
17570,6
17571,0
17572,8
17573,7
17574,2
17575,8
17576,9
17577,8
17578,7
17579,10
17580,10
17581,0
17582,8
17583,9
17584,6
17585,0
17586,4
17587,10
17588,8
17589,4
17590,8
17591,4
17592,2
17593,3
17594,9
17595,6
17596,8
17597,8
17598,2
17599,10
17600,7
17601,2
17602,1
17603,4
17604,8
17605,10
17606,6
17607,10
17608,8
17609,8
17610,10
17611,8
17612,1
17613,7
17614,4
17615,8
17616,4
17617,5
17618,3
17619,4
17620,8
17621,5
17622,8
17623,8
17624,2
17625,8
17626,0
17627,0
17628,5
17629,0
17630,1
17631,9
17632,4
17633,4
17634,1
17635,2
17636,0
17637,5
17638,10
17639,9
17640,4
17641,7
17642,0
17643,5
17644,9
17645,9
17646,4
17647,6
17648,1
17649,6
17650,2
17651,2
17652,4
17653,6
17654,0
17655,10
17656,8
17657,8
17658,5
17659,9
17660,6
17661,2
17662,5
17663,1
17664,1
17665,8
17666,8
17667,10
17668,6
17669,6
17670,8
17671,8
17672,4
17673,0
17674,8
17675,10
17676,4
17677,8
17678,4
17679,9
17680,1
17681,4
17682,8
17683,5
17684,9
17685,4
17686,10
17687,0
17688,10
17689,0
17690,7
17691,2
17692,10
17693,8
17694,4
17695,2
17696,6
17697,1
17698,0
17699,9
17700,9
17701,5
17702,8
17703,10
17704,8
17705,1
17706,5
17707,1
17708,10
17709,7
17710,10
17711,0
17712,0
17713,4
17714,7
17715,10
17716,9
17717,2
17718,8
17719,2
17720,6
17721,10
17722,9
17723,1
17724,9
17725,8
17726,8
17727,8
17728,7
17729,5
17730,8
17731,9
17732,10
17733,0
17734,6
17735,6
17736,8
17737,4
17738,10
17739,2
17740,0
17741,2
17742,0
17743,9
17744,8
17745,0
17746,9
17747,0
17748,5
17749,8
17750,2
17751,3
17752,1
17753,7
17754,10
17755,2
17756,2
17757,8
17758,5
17759,6
17760,6
17761,9
17762,10
17763,0
17764,8
17765,4
17766,10
17767,8
17768,6
17769,9
17770,0
17771,2
17772,9
17773,9
17774,0
17775,3
17776,6
17777,6
17778,0
17779,2
17780,8
17781,8
17782,10
17783,9
17784,8
17785,5
17786,5
17787,1
17788,1
17789,6
17790,8
17791,5
17792,7
17793,8
17794,10
17795,3
17796,7
17797,2
17798,5
17799,8
17800,8
17801,0
17802,2
17803,9
17804,10
17805,9
17806,4
17807,8
17808,4
17809,8
17810,4
17811,5
17812,5
17813,8
17814,8
17815,5
17816,0
17817,8
17818,2
17819,1
17820,10
17821,5
17822,9
17823,5
17824,8
17825,0
17826,4
17827,0
17828,8
17829,6
17830,9
17831,4
17832,4
17833,4
17834,7
17835,8
17836,0
17837,5
17838,8
17839,8
17840,10
17841,3
17842,10
17843,8
17844,6
17845,6
17846,4
17847,8
17848,8
17849,8
17850,10
17851,8
17852,2
17853,1
17854,8
17855,10
17856,3
17857,0
17858,10
17859,9
17860,9
17861,0
17862,9
17863,6
17864,6
17865,2
17866,10
17867,6
17868,8
17869,4
17870,1
17871,3
17872,0
17873,10
17874,0
17875,10
17876,7
17877,9
17878,10
17879,9
17880,8
17881,2
17882,1
17883,1
17884,5
17885,3
17886,5
17887,6
17888,3
17889,8
17890,2
17891,8
17892,8
17893,0
17894,1
17895,4
17896,5
17897,8
17898,2
17899,3
17900,1
17901,9
17902,0
17903,8
17904,7
17905,10
17906,2
17907,2
17908,4
17909,10
17910,8
17911,2
17912,0
17913,1
17914,9
17915,2
17916,8
17917,9
17918,4
17919,8
17920,2
17921,8
17922,6
17923,2
17924,4
17925,9
17926,2
17927,10
17928,9
17929,2
17930,5
17931,9
17932,10
17933,2
17934,8
17935,9
17936,10
17937,9
17938,8
17939,8
17940,6
17941,5
17942,8
17943,3
17944,1
17945,4
17946,9
17947,0
17948,8
17949,4
17950,4
17951,0
17952,8
17953,0
17954,2
17955,8
17956,2
17957,4
17958,1
17959,2
17960,7
17961,7
17962,0
17963,5
17964,4
17965,10
17966,10
17967,2
17968,0
17969,8
17970,2
17971,10
17972,1
17973,4
17974,9
17975,5
17976,10
17977,8
17978,10
17979,8
17980,2
17981,8
17982,9
17983,8
17984,10
17985,3
17986,4
17987,2
17988,8
17989,10
17990,5
17991,1
17992,8
17993,5
17994,1
17995,2
17996,1
